fault,method,mean_abs_temp_error_c,false_alarms,missed_dangerous,true_positives,max_p_dangerous
all_healthy,naive_single,0.45775085111035885,82,0,55,1.0000000000000002
all_healthy,naive_average,0.6862786687103397,59,0,55,0.9999999999999806
all_healthy,reliability_fusion,0.5702238208524398,68,0,55,0.9999999999999999
positive_bias,naive_single,25.04624198983326,123,0,55,1.0000000000000002
positive_bias,naive_average,7.6773999379054025,79,0,55,0.9999999999999997
positive_bias,reliability_fusion,1.0809176154560034,110,0,55,1.0000000000000002
negative_bias,naive_single,24.953758010166737,46,12,43,1.0
negative_bias,naive_average,8.989266728761264,41,1,54,0.9999999999984778
negative_bias,reliability_fusion,2.0062815436480843,111,0,55,1.0000000000000002
stuck_sensor,naive_single,11.954857155567833,8,55,0,0.9999999999999972
stuck_sensor,naive_average,4.635155652873896,41,1,54,0.999999999998864
stuck_sensor,reliability_fusion,1.5535454266827526,79,0,55,1.0000000000000002
noisy_sensor,naive_single,4.216447523052872,124,0,55,1.0000000000000002
noisy_sensor,naive_average,1.6536789900750297,119,0,55,1.0000000000000002
noisy_sensor,reliability_fusion,1.1542252639325514,109,0,55,1.0000000000000002
