scenario,seed,cell,ground_truth_onset_min,detection_time_min,detection_delay_min,missed
Fast Charging,20240,0,4.0,,,True
Fast Charging,20240,1,4.5,,,True
Fast Charging,20240,2,4.6667,,,True
Fast Charging,20240,3,4.0,,,True
Fast Charging,20240,4,4.0,,,True
Fast Charging,20240,5,4.5,,,True
Fast Charging,20241,0,4.3333,,,True
Fast Charging,20241,2,4.0,,,True
Fast Charging,20241,3,4.3333,,,True
Fast Charging,20241,4,4.0,,,True
Fast Charging,20241,5,4.0,,,True
Fast Charging,20242,1,4.6667,,,True
Fast Charging,20242,2,3.8333,,,True
Fast Charging,20242,3,4.0,,,True
Fast Charging,20242,4,4.6667,,,True
Fast Charging,20242,5,4.0,,,True
Fast Charging,20243,0,3.8333,,,True
Fast Charging,20243,1,4.1667,,,True
Fast Charging,20243,2,3.8333,,,True
Fast Charging,20243,3,4.6667,,,True
Fast Charging,20243,4,4.3333,,,True
Fast Charging,20244,0,3.8333,,,True
Fast Charging,20244,1,4.0,,,True
Fast Charging,20244,2,4.0,,,True
Fast Charging,20244,5,4.3333,,,True
Cooling-System Failure,20240,0,19.0,19.3333,0.33330000000000126,False
Cooling-System Failure,20240,1,23.1667,21.1667,-2.0,False
Cooling-System Failure,20240,2,23.0,22.1667,-0.8333000000000013,False
Cooling-System Failure,20240,3,23.3333,22.0,-1.3333000000000013,False
Cooling-System Failure,20240,4,16.1667,22.0,5.833300000000001,False
Cooling-System Failure,20240,5,23.1667,22.0,-1.1666999999999987,False
Cooling-System Failure,20241,0,18.5,21.5,3.0,False
Cooling-System Failure,20241,1,20.8333,19.1667,-1.6666000000000025,False
Cooling-System Failure,20241,2,23.5,22.1667,-1.3333000000000013,False
Cooling-System Failure,20241,3,23.6667,22.6667,-1.0,False
Cooling-System Failure,20241,4,23.8333,22.3333,-1.5,False
Cooling-System Failure,20241,5,23.8333,23.6667,-0.16660000000000252,False
Cooling-System Failure,20242,0,22.8333,20.0,-2.8333000000000013,False
Cooling-System Failure,20242,1,22.3333,20.6667,-1.6666000000000025,False
Cooling-System Failure,20242,2,20.6667,20.1667,-0.5,False
Cooling-System Failure,20242,3,23.0,20.8333,-2.1666999999999987,False
Cooling-System Failure,20242,4,23.8333,23.6667,-0.16660000000000252,False
Cooling-System Failure,20242,5,23.8333,22.8333,-1.0,False
Cooling-System Failure,20243,0,23.8333,21.5,-2.3333000000000013,False
Cooling-System Failure,20243,1,24.0,22.6667,-1.3333000000000013,False
Cooling-System Failure,20243,2,23.1667,21.8333,-1.3333999999999975,False
Cooling-System Failure,20243,3,20.6667,19.1667,-1.5,False
Cooling-System Failure,20243,4,22.8333,21.5,-1.3333000000000013,False
Cooling-System Failure,20243,5,23.0,22.5,-0.5,False
Cooling-System Failure,20244,0,16.8333,22.3333,5.5,False
Cooling-System Failure,20244,1,15.0,21.6667,6.666699999999999,False
Cooling-System Failure,20244,2,23.3333,22.0,-1.3333000000000013,False
Cooling-System Failure,20244,3,23.3333,22.5,-0.8333000000000013,False
Cooling-System Failure,20244,4,21.3333,20.6667,-0.6666000000000025,False
Cooling-System Failure,20244,5,22.5,20.8333,-1.6666999999999987,False
Internal Short Circuit,20240,0,7.5,7.1667,-0.3333000000000004,False
Internal Short Circuit,20241,1,7.5,6.8333,-0.6666999999999996,False
Internal Short Circuit,20242,2,7.6667,7.3333,-0.33339999999999925,False
Internal Short Circuit,20243,3,7.6667,7.1667,-0.5,False
Internal Short Circuit,20244,4,7.6667,7.3333,-0.33339999999999925,False
External Heat Exposure,20240,0,7.6667,9.3333,1.6665999999999999,False
External Heat Exposure,20240,1,7.8333,10.3333,2.499999999999999,False
External Heat Exposure,20240,2,8.1667,10.5,2.3332999999999995,False
External Heat Exposure,20240,3,9.5,11.1667,1.6667000000000005,False
External Heat Exposure,20240,4,9.1667,12.0,2.8332999999999995,False
External Heat Exposure,20240,5,10.3333,12.8333,2.5,False
External Heat Exposure,20241,0,7.6667,9.6667,2.000000000000001,False
External Heat Exposure,20241,1,7.5,9.5,2.0,False
External Heat Exposure,20241,2,7.6667,9.6667,2.000000000000001,False
External Heat Exposure,20241,3,8.3333,10.6667,2.333400000000001,False
External Heat Exposure,20241,4,8.3333,11.5,3.1667000000000005,False
External Heat Exposure,20241,5,8.6667,12.0,3.3332999999999995,False
External Heat Exposure,20242,0,8.0,9.5,1.5,False
External Heat Exposure,20242,1,7.8333,10.0,2.1666999999999996,False
External Heat Exposure,20242,2,7.8333,9.8333,1.9999999999999991,False
External Heat Exposure,20242,3,7.8333,10.0,2.1666999999999996,False
External Heat Exposure,20242,4,8.1667,10.6667,2.5,False
External Heat Exposure,20242,5,8.1667,11.3333,3.166599999999999,False
External Heat Exposure,20243,0,8.1667,11.3333,3.166599999999999,False
External Heat Exposure,20243,1,8.8333,10.5,1.6667000000000005,False
External Heat Exposure,20243,2,7.8333,10.0,2.1666999999999996,False
External Heat Exposure,20243,3,7.8333,10.0,2.1666999999999996,False
External Heat Exposure,20243,4,7.8333,10.3333,2.499999999999999,False
External Heat Exposure,20243,5,8.1667,10.1667,2.0,False
External Heat Exposure,20244,0,8.5,12.1667,3.6667000000000005,False
External Heat Exposure,20244,1,9.1667,11.3333,2.166599999999999,False
External Heat Exposure,20244,2,7.8333,10.0,2.1666999999999996,False
External Heat Exposure,20244,3,7.8333,10.3333,2.499999999999999,False
External Heat Exposure,20244,4,7.6667,10.1667,2.500000000000001,False
External Heat Exposure,20244,5,7.6667,10.5,2.8333000000000004,False
