initialization,iteration,log_likelihood,delta
engineered_init,1,-73005.32127460255,inf
engineered_init,2,-44267.91678806054,28737.404486542015
engineered_init,3,-43494.63608094501,773.2807071155257
engineered_init,4,-43320.743250170905,173.892830774108
engineered_init,5,-43269.00191296887,51.74133720203099
engineered_init,6,-43252.62441039218,16.377502576695406
engineered_init,7,-43242.17450530056,10.449905091620167
engineered_init,8,-43195.410582955905,46.76392234465311
engineered_init,9,-43022.253625330864,173.15695762504038
engineered_init,10,-42730.227001187435,292.0266241434292
engineered_init,11,-42635.574960826416,94.65204036101932
engineered_init,12,-42623.26875585258,12.30620497383643
engineered_init,13,-42620.57930511642,2.689450736157596
engineered_init,14,-42619.598103950906,0.981201165515813
engineered_init,15,-42619.14903431157,0.44906963933317456
engineered_init,16,-42618.963846756174,0.18518755539844278
engineered_init,17,-42618.90290592892,0.060940827257581986
engineered_init,18,-42618.88588663639,0.017019292528857477
engineered_init,19,-42618.88148507682,0.004401559570396785
perturbed_init,1,-98661.54466440323,inf
perturbed_init,2,-47697.41507676735,50964.129587635885
perturbed_init,3,-43581.50189156134,4115.913185206009
perturbed_init,4,-43287.72514439773,293.7767471636107
perturbed_init,5,-43249.219275855176,38.5058685425538
perturbed_init,6,-43241.44225572028,7.777020134897612
perturbed_init,7,-43233.64077328208,7.801482438197127
perturbed_init,8,-43183.8160377839,49.82473549817951
perturbed_init,9,-43016.045614425435,167.77042335846636
perturbed_init,10,-42725.91860722871,290.12700719672284
perturbed_init,11,-42634.593696291566,91.32491093714634
perturbed_init,12,-42623.05523734989,11.538458941678982
perturbed_init,13,-42620.504717037744,2.5505203121429076
perturbed_init,14,-42619.56602746651,0.9386895712304977
perturbed_init,15,-42619.13497645135,0.43105101516266586
perturbed_init,16,-42618.958612342496,0.17636410885461373
perturbed_init,17,-42618.90123627605,0.05737606644834159
perturbed_init,18,-42618.88539161853,0.015844657515117433
perturbed_init,19,-42618.88134068221,0.004050936324347276
